"title","description","url","tags"
"Rubii AI","Rubii: AI native fandom character UGC platform. Create your character, feed, and stage. Create interactive stories, chat with virtual partners, and explore user-generated content.","https://rubii.ai","AI Character;Novel;AI Story Writing"
"EHVA.ai","Conversational AI by Phone - Customer Service, Sales, More.","https://ehva.ai","Other"
"CNDTS Screening","Streamlines hiring with AI-driven candidate evaluation.","https://candidatescreenings.com","AI Interview Assistant;AI Recruiting"
"WaveSpeedAI","Bring the Fastest and Most Efficient AI Video & Image Generation to the World","https://wavespeed.ai","Text to Image;AI Photo & Image Generator;Image to Image"
"DocsLoop","AI document management for effortless data processing and collaboration.","https://docsloop.com","AI PDF;AI Productivity Tools;AI Team Collaboration"
"Ghibli AI Image Generator Free","AI platform for creating Ghibli-style artwork from photos.","https://geblee.ai","AI Art Generator;AI Anime Art;AI Photo & Image Generator"
"GEE-P-TEE","Over 37,000 pre-built, industry-specific AI templates available for just $1 each, designed to quickly enhance website engagement, lead generation, and monetization.","https://www.geeptee.com","AI App Builder;AI Lead Generation;Large Language Models (LLMs)"
"Ghibli AI","Transforms photos into stunning Ghibli Style artwork using AI.","https://ghibliai.ai","AI Art Generator;AI Anime Art;AI Landscape Generator"
"Extruct AI","AI-powered company research platform for real-time insights.","https://www.extruct.ai/","AI CRM Assistant;AI Lead Generation;Research Tool"
"Image Translator / Manga translator","AI tool for translating text in images across 100+ languages.","https://translateimage.app","Translate;AI Product Description Generator;AI Manga & Comic"
"AI PPT Maker","AI PPT Maker is a free AI Presentation Maker that allows you to create stunning presentations in seconds with DeepSeek or ChatGPT.","https://aipptmaker.ai","AI Presentation Generator;Translate;AI Rewriter"
"Free AI Presentation Maker","AI tool for creating professional presentations easily.","https://ai.poweredtemplate.com","AI Graphic Design;Healthcare;Sports"
"PPT.AI","PPT.AI - AI Presentation Maker, Fast and Easy","https://ppt.ai","AI Content Generator;AI Presentation Generator;AI WORD"
"DocumentLLM","AI tools for document analysis and management","https://documentllm.com","AI Documents Assistant;AI Document Extraction;AI PDF"
"Creative Fabrica","First AI tool to generate your own custom fonts and download them in installable format on Mac and Windows","https://www.creativefabrica.com/tools/font-generator","AI Art Generator;AI Design Generator;AI Graphic Design"
"MusicMuse","AI music generator for instant song creation.","https://www.musicmuse.ai","AI Lyrics Generator;AI Music Generator;Text-to-Music"
"Photiu.AI","AI tools for background removal and image editing.","https://www.photiu.ai","Photo & Image Editor;AI Background Remover"
"MyFaceSwap","Free AI tool for face swapping in videos and images.","https://myfaceswap.ai","AI Video Recording;AI Face Swap Generator;AI Video Editor"
"TerraPrime","TerraPrime is a broker-free platform revolutionizing commercial real estate by directly connecting developers with investors globally. Its TerraPublic initiative helps cities secure global investment for sustainable growth, streamlining deals with transparency and technology.","https://www.terraprime.estate","Translate;AI Task Management;AI Documents Assistant"
"AiSOAP","Freed 2 hours per day with AI from charting and SOAP note-taking","https://aisoap.com","Healthcare;Mental Health;Transcription"
"Immediate Edge","A trading platform for connecting brokers and users for cryptocurrency trading.","https://immediateedgeappuk.com/ai","AI Advertising Assistant;AI Customer Service Assistant;AI Ad Creative Assistant"
"GPTBox","AI integration for enhanced productivity in Windows tasks.","https://www.gptbox.app","AI Email Assistant;AI Email Generator;AI Chatbot"
"GenTube","Remember when AI was supposed to make things faster? Stop waiting on image generation and start creating with lightning speed on GenTube today!","https://www.gentube.app/feed/live-creations","AI Content Generator;AI Clothing Generator;AI Tattoo Generator"
"AI Image Upscaler","Enhance images and photos using AI upscaling technology.","https://icons8.com/upscaler","AI Illustration Generator;AI Image Enhancer;AI Photo Enhancer"
"Dailos AI","Create personalized children's stories with AI for kids.","https://dailos.ai","AI Story Writing"
"FOMO.ai","Your scalable AI marketing team that delivers high-quality, on-brand content for you.","https://fomo.ai","AI Blog Writer;AI Consulting Assistant;AI Lead Generation"
"MindMap AI","MindMap AI is an AI powered mind mapping platform that revolutionizes the ideation process. It empowers over 50,000+ thinkers including students, professionals, and researchers from leading institutions and companies to create sophisticated mind maps through AI assistance.","https://mindmapai.app","AI Business Ideas Generator;AI Productivity Tools;AI Mind Mapping"
"PNGFree.ai","PNGFree.ai offers Free AI background remover and millions of high-quality free PNG images for to simplify your work.","http://pngfree.ai","AI Background Remover;Photo & Image Editor;AI Photo & Image Generator"
"AI Parabellum","AI Tools Directory platform","https://aiparabellum.com","AI Tools Directory"
"Synexa AI","Simple, fast, and stable. Deploy AI models with just one line of code.","https://synexa.ai","Text to Image;Image to Video;AI API Design"
"Janus Pro AI","Multimodal AI for HD image generation and understanding.","https://janusproai.pro","Text to Image;AI Photo & Image Generator"
"Janus Pro AI","AI image generator for text-to-image creation.","https://janusproai.org","Text to Image"
"Scrumbuiss","Ultimate management software for agile project workflows and collaboration.","https://www.scrumbuiss.com","AI Productivity Tools;AI Task Management;AI Team Collaboration"
"AI Dating Assistant","AI service for enhancing dating profile images.","https://aidatingassistant.ai","AI Dating Assistant;Pick-up Lines Generator;AI Profile Picture Generator"
"Media.io AI Video Generator","Free online AI video generator for stunning videos.","https://www.media.io/apps/ai-video-generator/explore","AI Video Generator;AI Animated Video;AI Personalized Video Generator"
"Cast Swapper","Discover how do you look like as movie stars in Movie/TV Shows Today.","https://whatcharacterdoilooklike.com","Other"
"Janus Pro","Unified multimodal AI for understanding and generation tasks.","https://janusai.pro","AI Art Generator;Text to Image;AI Photo & Image Generator"
"Image to Prompt","Generate prompts from images for AI models.","https://imageprompt.org/image-to-prompt","Prompt"
"AI Music Generator","An AI music generator for creating royalty-free original music.","https://aimusicgen.ai","AI Lyrics Generator;AI Music Generator;Text-to-Music"
"TripOffice.com","AI-Powered Hotel Search Engine","https://www.tripoffice.com","AI Search Engine;AI Productivity Tools;Other"
"Free Image Background Remover (No Ads & No sign-up)","EzRemove is a completely free image background removal tool that offers a simple and efficient user interface. It utilizes highly trained AI models to remove image backgrounds, aiming to deliver an exceptional, high-quality background removal experience. Most importantly, EzRemove is entirely free, ad-free, and allows users to access all features quickly without requiring any login.","https://ezremove.ai","Photo & Image Editor;AI Photo Enhancer;AI Background Remover"
"BeFreed","Next-gen smart learning app.","https://www.befreed.ai","Life Assistant;Mental Health;AI Coaching"
"MMAudio","AI tool for transforming video content into immersive audio","https://mmaudio.net","AI Audio Enhancer;AI YouTube Assistant;AI Social Media Assistant"
"Storebuild.ai","Start your e-commerce business for free in 5 minutes with suppliers!","https://storebuild.ai/toolify-ai/","AI Landing Page Builder;AI Website Builder;E-commerce Assistant"
"AI Portrait Gen","Create realistic portraits of yourself that look like professional photos","https://aiportraitgen.com","AI Photo & Image Generator;AI Avatar Generator;Text to Image"
"bugfree.ai","bugfree.ai is an advanced AI-powered platform designed to help software engineers master system design and behavioral interviews, by combining a vast question library, detailed feedback, and interactive AI simulations.","https://bugfree.ai","AI Interview Assistant;AI Coaching;AI Education Assistant"
"My Color Analysis AI","AI tool for personalized seasonal color analysis.","https://mycoloranalysis.ai","AI Selfie & Portrait;Photo & Image Editor"
"XJoy AI","XJoy AI, a website that satisfies all fantasies XJoy AI is currently the most complete set of functions and the most powerful set of AI tools on the market. www.xjoy.ai includes: AI girlfriend, AI face changing,AI dance,AI undressing, AI sexy poses, xjoy.ai's AI chat has the function of generating scene pictures in real time, allowing you to be immersed in the scene and allowing you to do more interesting things with your AI girlfriend xjoy.ai's AI face-changing supports 8K high-definition long-term video and multi-person face-changing. xjoy.ai's AI dance function is currently an exclusive project on the entire Internet. Let anyone dance for you, come to xjoy.ai to experience it. xjoy.ai's undressAI function can more accurately take off anyone's clothes, and can adjust body shape, such as breast size, etc. xjoy.ai's undressing function can also generate short videos from a photo! The sexy photo album function of xjoy.ai can use a photo of anyone to generate multiple sets of sexy looks, and automatically generate a private photo album that belongs only to you.","https://www.xjoy.ai","AI Photo & Image Generator;AI Cosplay Generator;AI Girlfriend"
"Canny","All-in-one customer feedback management platform.","https://canny.io","Speech-to-Text;Research Tool;Translate"
"LoveAI API","Unbeatable Price! Get the Suno AI API for 90% Off","https://loveaiapi.com","AI API Design;Web Scraping;AI Developer Tools"
"NEUROFIT App","Prevent burnout and improve focus and well-being in 5 mins/day.","https://neurofit.app","Mental Health;Fitness"
"GenYOU","Free app for generating personalized AI portraits and photos.","https://generated.photos/genyou","AI Social Media Assistant;AI Instagram Assistant;AI Selfie & Portrait"
"Minimax AI","AI platform for generating high-resolution videos from text.","https://minimax-ai.org","Prompt;AI Video Recording;AI Content Generator"
"AI Describe Picture","AI tool for generating image descriptions and extracting text.","https://describepicture.org","AI Art Generator;Prompt;AI Productivity Tools"
"Flux AI","Advanced AI tools for generating images and videos","https://flux-ai.io","AI Art Generator;AI Anime Art;Prompt"
"Inkwise AI","AI platform for creating documents from uploaded files.","https://inkwise.ai","Legal Assistant;AI Document Extraction;AI Documents Assistant"
"Image to Prompt AI - Free Unlimited Online Tool","Convert images into detailed text prompts.","https://imagetoprompt.ai","AI SEO Assistant;Prompt;AI Product Description Generator"
"Naaia","Naaia, Europe’s first AIMS® (AI management system) provides an operational model for  AI compliance and risk management.","https://naaia.ai/homepage","AI Chatbot;Large Language Models (LLMs);AI Tools Directory"
"AI Tattoo Ideas","AI-powered tool for generating custom tattoo designs.","https://tattoo-ideas.ai","AI Art Generator;AI Design Generator;Design Assistant"
"Bright Data","Power AI and LLMs with Endless Web Data","https://get.brightdata.com/datatoolify","Web Scraping"
"freebeat.ai: Turn Your Music into Visual Magic","Discover freebeat.ai: Your AI-Powered Music Video Creator","https://freebeat.ai/","Fitness"
"floatz AI","Supercharge Your Research, with AI.","https://floatz.ai","AI Search Engine;Research Tool;AI Chatbot"
"iDox.ai","Take the hassle out of redaction. Auto-redact text, signatures, logos & more.","https://www.idox.ai","AI PDF;AI WORD;AI Monitor & Report Builder"
"UPDF AI","UPDF AI is a GPT-powered assistant integrated into the UPDF app, an all-in-one PDF editor. It offers features like summarizing PDFs, translating while preserving layouts, explaining content, converting PDFs to mind maps, and chatting with images. The UPDF AI is can be accessed within the UPDF app across Windows, macOS, iOS, and Android platforms, it can be also accessed online.","https://updf.com","AI Blog Writer;AI Email Assistant;AI Documents Assistant"
"Image to Video AI","Convert images to videos effortlessly with AI technology.","https://imagetovideoai.io","Image to Video"
"Releem","AI-Powered MySQL Performance Monitoring Tool","https://releem.com","AI DevOps Assistant;AI Monitor & Report Builder;AI Developer Tools"
"AskWiki","Interactive Q&A platform for critical thinking and knowledge sharing.","https://askwiki.ai","Other"
"Focal","Focal is a platform where you can create your own TV shows and movies with AI.","https://focalml.com","AI Anime & Cartoon Generator;AI Animated Video;Image to Video"
"AdsDog","AdsDog is an AI-powered video creation tool that simplifies the process of producing high-quality, professional videos featuring digital human avatars. By analyzing product URLs, AdsDog automates video production, making it easier for businesses and marketers to create content optimized for social media platforms like TikTok, Instagram, and Facebook.","https://adsdog.ai","AI Video Generator;AI Ad Creative Assistant;AI Ad Generator"
"TimelyGrader","AI-Assisted Grading and Feedback at Scale","https://www.timelygrader.ai","AI Education Assistant"
"Kupid AI - Chat with AI Girls","Virtual companionship through immersive conversations.","https://kupid.ai/","AI Dating Assistant"
"AI Content Detector","Detects AI-generated content for free using advanced algorithms.","https://seoroast.co/tools/ai-content-detector","AI SEO Assistant;AI Detector;AI Content Detector"
"AudioMuse","Comprehensive online tools for music generation and audio editing.","https://audiomuse.ai","AI Audio Enhancer;AI Music Generator"
"FREE AI Meta Description Generator","Generate SEO-optimized meta descriptions for web pages.","https://seoroast.co/tools/meta-description","AI SEO Assistant"
"YouTube Title Generator","Generates clickbait YouTube titles to boost engagement.","https://seoroast.co/tools/youtube-title-generator","AI YouTube Assistant;AI SEO Assistant;AI Analytics Assistant"
"AI Tweet Generator","Generate engaging tweets to boost social media interaction.","https://seoroast.co/tools/tweet-generator","AI SEO Assistant"
"SEO Title Generator","Generate SEO-optimized titles for your web pages easily.","https://seoroast.co/tools/seo-title-generator","AI SEO Assistant"
"AI Roast Generator","AI-powered tool for generating hilarious roasts and comebacks.","https://seoroast.co/tools/ai-roast-generator","AI SEO Assistant"
"RemoteSpace","RemoteSpace is an innovative platform designed to transform any online tool into a secure collaboration space. It allows users to manage multiple accounts, invite teammates, and set permissions without sharing passwords. RemoteSpace features seamless project collaboration and real-time communication capabilities, enabling simultaneous access to multiple accounts without the need for additional devices, thereby enhancing productivity. The platform prioritizes user privacy and data security, employing strong measures such as AI diagnostics and a zero-trust architecture to ensure that activities are isolated from personal information. Experience the future of teamwork with RemoteSpace, where collaboration knows no bounds.","https://www.remotespace.ai","AI Productivity Tools;AI Team Collaboration"
"Headshot Maker","AI tool for generating professional headshots quickly.","https://headshotmaker.ai","AI Avatar Generator;AI Photo & Image Generator;AI Profile Picture Generator"
"MinutesLink","AI note taker for accurate meeting minutes.","https://minuteslink.com","AI Notes Assistant;AI Meeting Assistant;AI Analytics Assistant"
"EchoWave","Convert audio into videos for social media platforms.","https://echowave.io","AI Podcast Assistant;AI Video Editor;Text to Video"
"Alice AI","Alice AI is a no-filter chatbot where you can design your own AI companion or explore unique creations in Wonderland, featuring voice calls, image generation, and endless customization.","https://alice-ai.com/","Text to Image;AI Photo & Image Generator;AI Illustration Generator"
"Octoparse AI - Workflow Automation Software","Octoparse AI is a no-code platform for quickly creating custom AI processes and RPA bots that work for you.","https://www.octoparse.ai/","No-Code&Low-Code;Research Tool;Investing Assistant"
"AIChatru.ru: Free Chat with GPT and Claude AI","Chat with GPT-4o, GPT-4o Mini, and Claude 3 AI models for free, no login required.","https://aichatru.ru","AI Chatbot"
"OpenAI01.net","Free AI chat interface for advanced problem-solving.","https://openai01.net","AI Chatbot"
"healingjourney","Healing Journey is one of the top AI therapy platforms, trained by real therapists, offering 24/7 confidential mental health support. It combines professional guidance with advanced technology to ensure privacy and well-being.","https://healingjourney.ai","Life Assistant;Healthcare;AI Coaching"
"aoGen","An all-in-one ecommerce creative solution to get professional model photos for free.","https://aogen.ai","Image to Video;AI Clothing Generator;E-commerce Assistant"
"Nume","The AI CFO every founder needs","https://www.nume.finance/","AI Accounting Assistant;AI Consulting Assistant;AI Spreadsheet"
"AI ColoringBook","Free AI generator for custom coloring pages from images and text.","https://www.coloringbook.ai","AI Art Generator;AI Photo & Image Generator"
"Nextoffer","Land Your Dream Job with Confidence. NextOffer provides real-time assistance, AI-driven mock interviews, and personalized feedback to help you secure your next offer.","https://www.thenextoffer.com","AI Interview Assistant;AI Coaching;AI Knowledge Base"
"VisionStory AI","VisionStory AI creates avatar videos with photos, voice cloning and more, expressively and instantly.","https://www.visionstory.ai","AI Personalized Video Generator;AI Video Generator;AI Lip Sync Generator"
"Poly AI","AI Roleplay: Secure, Free Chat, No Limits!","https://polyai.ai/","AI Chatbot;AI Girlfriend;AI Character"
"Cabina.AI","All-in-one AI Chats workspace: productivity, communication & education","https://cabina.ai","AI Chatbot;Copywriting;Text to Image"
"Syntetica","Syntetica, your Generative AI suite","https://syntetica.ai","AI Workflow Management;AI Mind Mapping"
"GraphicInfo","AI-Powered Infographic Creation - Turn content into compelling visuals in 1 click","https://graphicinfo.cc/","AI Poster Generator;AI Graphic Design;AI Content Generator"
"SmartStudi.com","","https://smartstudi.com","Essay Writer;AI Rewriter;General Writing"
"Knowee AI","Knowee AI combines the power of AI with a user-friendly interface, offering college students a seamless study experience.","https://knowee.ai","Homework Helper;AI Coaching;AI Quizzes"
"AIApply","AI-powered job search automation for resume and cover letter generation.","https://www.aiapply.co/","Writing Assistants;AI Content Generator;Resume Builder"
"EroPlay.ai","AI-powered erotic roleplay for immersive fantasy exploration.","https://eroplay.ai","AI Girlfriend;AI Character;NSFW"
"Uhmegle","Explore AI moderated video and text chats with strangers globally.","https://uhmegle.com","Other"
"DressPlay","DressPlay is an innovative AI Clothes Changer app designed for users who enjoy exploring different styles and for e-commerce businesses.","https://dressplay.ai","AI Photo & Image Generator;Photo & Image Editor;AI Pattern Generator"
"Soul Machines","Founded in 2016, Soul Machines is a global pioneer in the humanization of AI. Our patented, ground-breaking Experiential AI™ technology powers emotionally intelligent AI Assistants that create personalized, interactive digital engagement in real time.","https://www.soulmachines.com","AI Avatar Generator;AI Interview Assistant;AI Coaching"
"Vidu AI","AI tool for generating high-quality videos from text and images.","https://www.vidu.com/create","Text to Video;AI Video Generator"
"DoubleO.ai","AI automation for non-developers","https://www.doubleo.ai","AI Analytics Assistant;Large Language Models (LLMs);AI Workflow Management"
"PDF GPT","AI chat app for PDF documents","https://www.pdfgpt.chat","AI PDF;Summarizer"
"MEME is Game","AI insights for discovering the best meme coins","https://memeisgame.com","Blockchain"
"Aethera AI","AI knowledge discovery and management platform","https://aethera.ai","AI Knowledge Management"
"Spikex","Create high-quality, faceless videos instantly—no editing, no filming, just results.","https://spikexai.com","AI Video Generator;AI Short Clips Generator;AI YouTube Assistant"
"Free ChatGPT Omni","Free AI chat platform","https://gptomni.ai","AI Chatbot"
"Adinspiration","Competitor ad analysis tool","https://adinspiration.com","AI Advertising Assistant;AI Facebook Assistant;AI Ad Creative Assistant"
"Essence - Read Smarter","Tool for quick and accurate web article summaries","https://chromewebstore.google.com/detail/essence-read-smarter/hadahojdmedaiceckgdidakkppoghfci","Summarizer"
"Opulli","AI fashion model platform for clothing brands","https://www.opulli.com","AI Analytics Assistant;AI Email Marketing;AI Lead Generation"
"Moonidea","AI-powered SAAS idea generation from Reddit threads","https://moonidea.com","AI Business Ideas Generator"
"MusicHero.ai: Free AI Music Generator from Text Online","Free AI music generator from text","https://musichero.ai","AI Music Generator"
"Soundify","AI sound effects generator","https://soundifytext.io","AI Music Generator"
"Copyter","AI text generator for creating diverse, high-quality content","https://copyter.com","AI Content Generator;Copywriting;Writing Assistants"
"Video Maker Free Online Powered by Luma AI","AI video generator for text and photos","https://videomaker.me","Text to Video;AI Video Generator;AI Content Generator"
"Currency Converter","Live currency converter for USD to CNY","https://www.xtransfer.com/exchange-rate/usd-to-cny","AI Customer Service Assistant"
"SaaSykit","Accelerate SaaS development","https://saasykit.com","AI Website Designer;E-commerce Assistant;AI CRM Assistant"
"HeyHoney.ai","NSFW AI Sex Chatbot for flirty banter and naughty fun.","https://heyhoney.ai","AI Chatbot;AI Girlfriend;AI Dating Assistant"
"Lingolette","Language teaching machine for spoken fluency","https://lingolette.com","AI Chatbot"
"HS Code Search","Secure global trade payments.","https://www.xtransfer.com/hscode","Other"
"Vidalgo","Effortless vertical video creation for top social platforms.","https://www.vidalgo.tech","AI Tiktok Assistant;AI YouTube Assistant;AI Video Generator"
"Treasure Box","Diverse assistants for productivity enhancement.","http://www.liaoliao.love","AI Chatbot;Writing Assistants"
"FliFlik Voice Changer","Voice changer for games and streaming.","https://fliflik.com/voice-changer","AI Voice Changer"
"SmartPrep","Instant lesson planning","https://smartprep.ai","AI Education Assistant"
"Hirebee","Revolutionizing talent acquisition.","https://hirebee.ai","AI Recruiting"
"X Headshot","Professional AI headshots from selfies","https://xheadshot.com","AI Photo & Image Generator;AI Selfie & Portrait"
"APOB","AI persona creation tool","https://app.apob.ai","AI Photo & Image Generator"
"Promptzone","Creative prompts sharing platform","https://promptzone.com","Prompt"
"Linktopia","Community link building for SaaS startups","https://linktopia.io","AI SEO Assistant;AI Blog Writer"
"LingoSub","Watch videos with subtitles to learn new words in context","https://www.lingosub.com","Captions or Subtitle"
"ZeroGPT","AI plagiarism checker","https://zerogpt.tools","AI Detector;AI Plagiarism Checker;AI Content Detector"
"VirtualFantasy.ai","Virtual fantasy caters to those seeking a friend without the burden of judgment, drama, or social anxiety. Form genuine emotional connections, share laughter, and converse about anything that piques your interest! Each character is distinct, reflecting the unique qualities of every user. Reacting to your AI's messages aids in refining their conversational skills and understanding of your preferences.","https://www.virtualfantasy.ai","NSFW;AI Girlfriend;AI Character"
"TinderProfile.ai","Boost dating profile with AI photos","https://tinderprofile.ai/","AI Profile Picture Generator;AI Photo & Image Generator;AI Selfie & Portrait"
"Undress AI Tool","Undress images for free","https://www.undressaitool.com","Photo & Image Editor;AI Photo & Image Generator;Image to Image"
"funfun.tools","Discover top AI tools","https://www.funfun.tools","AI Tools Directory;AI Analytics Assistant"
"Lutra AI","AI workflow automation without coding.","https://lutra.ai","AI Workflow Management;AI Lead Generation;AI Analytics Assistant"
"uBrand","Create brands with AI","https://ubrand.com","AI Graphic Design;AI Logo Generator;AI Design Generator"
"AI Portrait Gen","Create realistic portraits of yourself that look like professional photos","https://aiportraitgen.com","AI Photo & Image Generator;AI Avatar Generator;Text to Image"
"bugfree.ai","bugfree.ai is an advanced AI-powered platform designed to help software engineers master system design and behavioral interviews, by combining a vast question library, detailed feedback, and interactive AI simulations.","https://bugfree.ai","AI Interview Assistant;AI Coaching;AI Education Assistant"
"My Color Analysis AI","AI tool for personalized seasonal color analysis.","https://mycoloranalysis.ai","AI Selfie & Portrait;Photo & Image Editor"
"XJoy AI","XJoy AI, a website that satisfies all fantasies XJoy AI is currently the most complete set of functions and the most powerful set of AI tools on the market. www.xjoy.ai includes: AI girlfriend, AI face changing,AI dance,AI undressing, AI sexy poses, xjoy.ai's AI chat has the function of generating scene pictures in real time, allowing you to be immersed in the scene and allowing you to do more interesting things with your AI girlfriend xjoy.ai's AI face-changing supports 8K high-definition long-term video and multi-person face-changing. xjoy.ai's AI dance function is currently an exclusive project on the entire Internet. Let anyone dance for you, come to xjoy.ai to experience it. xjoy.ai's undressAI function can more accurately take off anyone's clothes, and can adjust body shape, such as breast size, etc. xjoy.ai's undressing function can also generate short videos from a photo! The sexy photo album function of xjoy.ai can use a photo of anyone to generate multiple sets of sexy looks, and automatically generate a private photo album that belongs only to you.","https://www.xjoy.ai","AI Photo & Image Generator;AI Cosplay Generator;AI Girlfriend"
"LoveAI API","Unbeatable Price! Get the Suno AI API for 90% Off","https://loveaiapi.com","AI API Design;Web Scraping;AI Developer Tools"
"NEUROFIT App","Prevent burnout and improve focus and well-being in 5 mins/day.","https://neurofit.app","Mental Health;Fitness"
"GenYOU","Free app for generating personalized AI portraits and photos.","https://generated.photos/genyou","AI Social Media Assistant;AI Instagram Assistant;AI Selfie & Portrait"
"Minimax AI","AI platform for generating high-resolution videos from text.","https://minimax-ai.org","Prompt;AI Video Recording;AI Content Generator"
"AI Describe Picture","AI tool for generating image descriptions and extracting text.","https://describepicture.org","AI Art Generator;Prompt;AI Productivity Tools"
"Flux AI","Advanced AI tools for generating images and videos","https://flux-ai.io","AI Art Generator;AI Anime Art;Prompt"
"Inkwise AI","AI platform for creating documents from uploaded files.","https://inkwise.ai","Legal Assistant;AI Document Extraction;AI Documents Assistant"
"Image to Prompt AI - Free Unlimited Online Tool","Convert images into detailed text prompts.","https://imagetoprompt.ai","AI SEO Assistant;Prompt;AI Product Description Generator"
"AI Seed Phrase Finder","Efficiently find lost Bitcoin wallets with the AI Seed Phrase Finder.","https://ai-seedfinder.com","Web3"
"Voxify","Transform text to speech effortlessly with our AI voice generator.","https://voxify.ai","Text-to-Speech"
"DATAKU","Effortlessly convert unstructured texts into structured data.","https://dataku.ai","AI Document Extraction"
"Powered_By","Custom AI agents tailored for small and medium-sized businesses.","https://poweredby.agency","AI Voice Assistants"
"Miro","Summary: Miro helps distributed teams collaborate and co-create efficiently across different locations.","https://miro.com/ai","AI Team Collaboration;AI Product Description Generator;AI Workflow Management"
"RivalOut - Rival Company Analysis and Comparison Platform","AI-Powered rival company analysis platform","https://rivalout.com","AI Analytics Assistant;AI SEO Assistant"
"Thor Data","Proxy service for web scraping providing anonymity and data access.","https://www.thordata.com/","Web Scraping;E-commerce Assistant;AI SEO Assistant"
"14DaysOfAI","Learn AI in 14 days with daily bitesized lessons delivered to your inbox.","https://www.100school.com/atomic-challenges/14daysofai","AI Coaching;AI Tutorial;AI Course"
"BrandGhost","Automation platform for content creators to manage social media effectively.","https://brandghost.ai","AI Social Media Assistant;AI Instagram Assistant;AI Twitter Assistant"
"Mysports AI","Mysports.AI is a sports betting prediction tool that leverages advanced AI models to help you develop smarter and more successful strategies.","https://mysports.ai","AI Analytics Assistant;Sports;AI WORD"
"Wonderchat","Create custom chatbot with Wonderchat, boost customer response speed by 100% and reduce workload.","https://wonderchat.io","AI Chatbot;AI Reply Assistant;Large Language Models (LLMs)"
"floatz AI","Supercharge Your Research, with AI.","https://floatz.ai/product","AI Search Engine;Research Tool;AI Chatbot"
"Trickle","Build stunning websites, AI apps, and forms effortlessly using natural language.","https://www.trickle.so","AI Website Builder;AI Code Generator;AI Landing Page Builder"
"Viro","AI tool for automated video thumbnail creation and optimization.","https://viro.so","AI YouTube Assistant;Transcription;AI Image Enhancer"
"KreadoAI Video Face Swap","Free online AI video face-swapping tool for realistic results.","https://www.kreadoai.com/zh/video-face-swap","AI Face Swap Generator;AI Video Recording;AI Advertising Assistant"
"Teammates.ai","Autonomous AI Teammates that take on entire business functions, end-to-end.","https://www.teammates.ai","AI Blog Writer;Legal Assistant;AI CRM Assistant"
